"year_of_release","budget","revenue","roi"
"2013","15096189","46706688","209"
"2014","13007070","44146426","239"
"2015","13537175","48474796","258"
"2016","14509364","45807976","216"
"2017","12174166","45075406","270"
"2018","12353560","47521743","285"
"2019","12305455","47035662","282"
"2020","7274517","14008853","93"
"2021","12584761","29825328","137"
"2022","10136426","31158254","207"
"2023","10760625","27684428","157"
"2024","7632743","23923166","213"
"2025","10960417","27941367","155"